{
	"credit": "Created by Stridey",
	"parent": "block/block",
	"ambientocclusion": false,
	"textures": {
		"base_top": "block/black_concrete",
		"glass_bottom": "block/beacon_glass_clear",
		"glass": "block/beacon_glass",
		"obsidian": "block/beacon_base",
		"beacon": "block/beacon",
		"particle": "block/beacon_break"
	},
	"elements": [
		{
			"name": "Glass shell",
			"from": [0, 0, 0],
			"to": [16, 16, 16],
			"faces": {
				"north": {"uv": [0, 0, 16, 16], "texture": "#glass"},
				"east": {"uv": [0, 0, 16, 16], "texture": "#glass"},
				"south": {"uv": [0, 0, 16, 16], "texture": "#glass"},
				"west": {"uv": [0, 0, 16, 16], "texture": "#glass"},
				"up": {"uv": [0, 0, 16, 16], "texture": "#glass"},
				"down": {"uv": [0, 0, 16, 16], "texture": "#glass_bottom", "cullface": "down"}
			}
		},
		{
			"name": "Obsidian base",
			"from": [2, 0.025, 2],
			"to": [14, 3, 14],
			"faces": {
				"north": {"uv": [2, 13, 14, 16], "texture": "#obsidian"},
				"east": {"uv": [2, 13, 14, 16], "texture": "#obsidian"},
				"south": {"uv": [2, 13, 14, 16], "texture": "#obsidian"},
				"west": {"uv": [2, 13, 14, 16], "texture": "#obsidian"},
				"up": {"uv": [0, 0, 16, 16], "texture": "#base_top"},
				"down": {"uv": [2, 0, 14, 12], "texture": "#obsidian", "cullface": "down"}
			}
		},
		{
			"name": "Inner beacon texture",
			"from": [3, 3, 3],
			"to": [13, 14, 13],
			"faces": {
				"north": {"uv": [0, 0, 10, 11], "texture": "#beacon"},
				"east": {"uv": [0, 0, 10, 11], "texture": "#beacon"},
				"south": {"uv": [0, 0, 10, 11], "texture": "#beacon"},
				"west": {"uv": [0, 0, 10, 11], "texture": "#beacon"},
				"up": {"uv": [0, 0, 10, 11], "texture": "#beacon"}
			}
		}
	]
}