{
  "variants": {
    "snowy=false": [
      { "model": "minecraft:block/mycelium", "weight": 100 },
      { "model": "minecraft:block/mycelium", "y": 90, "weight": 100 },
      { "model": "minecraft:block/mycelium", "y": 180, "weight": 100 },
      { "model": "minecraft:block/mycelium", "y": 270, "weight": 100 },
      { "model": "minecraft:block/mycelium1", "weight": 1 },
      { "model": "minecraft:block/mycelium1", "y": 90, "weight": 1 },
      { "model": "minecraft:block/mycelium1", "y": 180, "weight": 1 },
      { "model": "minecraft:block/mycelium1", "y": 270, "weight": 1 },
      { "model": "minecraft:block/mycelium2", "weight": 1 },
      { "model": "minecraft:block/mycelium2", "y": 90, "weight": 1 },
      { "model": "minecraft:block/mycelium2", "y": 180, "weight": 1 },
      { "model": "minecraft:block/mycelium2", "y": 270, "weight": 1 }
    ],
    "snowy=true": [
      { "model": "minecraft:block/mycelium_snow" },
      { "model": "minecraft:block/mycelium_snow", "y": 90 },
      { "model": "minecraft:block/mycelium_snow", "y": 180 },
      { "model": "minecraft:block/mycelium_snow", "y": 270 }
    ]
  }
}