{
  "multipart": [
    {
      "apply": [
		{ "model": "minecraft:block/andesite_wall_post" },
		{ "model": "minecraft:block/andesite_wall_post2" },
		{ "model": "minecraft:block/andesite_wall_post3" },
		{ "model": "minecraft:block/andesite_wall_post4" },
		{ "model": "minecraft:block/andesite_wall_post5" }
      ],
      "when": {
        "up": "true"
      }
    },
    {
      "apply": [
		{ "model": "minecraft:block/andesite_wall_side", "uvlock": false },
		{ "model": "minecraft:block/andesite_wall_side2", "uvlock": false },
		{ "model": "minecraft:block/andesite_wall_side3", "uvlock": false },
		{ "model": "minecraft:block/andesite_wall_side4", "uvlock": false },
		{ "model": "minecraft:block/andesite_wall_side5", "uvlock": false }
      ],
	  "when": {
        "north": "low"
      }
    },
    {
      "apply": [
		{ "model": "minecraft:block/andesite_wall_side", "uvlock": false, "y": 90 },
		{ "model": "minecraft:block/andesite_wall_side2", "uvlock": false, "y": 90 },
		{ "model": "minecraft:block/andesite_wall_side3", "uvlock": false, "y": 90 },
		{ "model": "minecraft:block/andesite_wall_side4", "uvlock": false, "y": 90 },
		{ "model": "minecraft:block/andesite_wall_side5", "uvlock": false, "y": 90 }
      ],
	  "when": {
        "east": "low"
      }
    },
    {
      "apply": [
		{ "model": "minecraft:block/andesite_wall_side", "uvlock": false, "y": 180 },
		{ "model": "minecraft:block/andesite_wall_side2", "uvlock": false, "y": 180 },
		{ "model": "minecraft:block/andesite_wall_side3", "uvlock": false, "y": 180 },
		{ "model": "minecraft:block/andesite_wall_side4", "uvlock": false, "y": 180 },
		{ "model": "minecraft:block/andesite_wall_side5", "uvlock": false, "y": 180 }
      ],
      "when": {
        "south": "low"
      }
    },
    {
      "apply": [
		{ "model": "minecraft:block/andesite_wall_side", "uvlock": false, "y": 270 },
		{ "model": "minecraft:block/andesite_wall_side2", "uvlock": false, "y": 270 },
		{ "model": "minecraft:block/andesite_wall_side3", "uvlock": false, "y": 270 },
		{ "model": "minecraft:block/andesite_wall_side4", "uvlock": false, "y": 270 },
		{ "model": "minecraft:block/andesite_wall_side5", "uvlock": false, "y": 270 }
      ],
      "when": {
        "west": "low"
      }
    },
    {
      "apply": [
		{ "model": "minecraft:block/andesite_wall_side_tall", "uvlock": false },
		{ "model": "minecraft:block/andesite_wall_side_tall2", "uvlock": false },
		{ "model": "minecraft:block/andesite_wall_side_tall3", "uvlock": false },
		{ "model": "minecraft:block/andesite_wall_side_tall4", "uvlock": false },
		{ "model": "minecraft:block/andesite_wall_side_tall5", "uvlock": false }
      ],
      "when": {
        "north": "tall"
      }
    },
    {
      "apply": [
		{ "model": "minecraft:block/andesite_wall_side_tall", "uvlock": false, "y": 90 },
		{ "model": "minecraft:block/andesite_wall_side_tall2", "uvlock": false, "y": 90 },
		{ "model": "minecraft:block/andesite_wall_side_tall3", "uvlock": false, "y": 90 },
		{ "model": "minecraft:block/andesite_wall_side_tall4", "uvlock": false, "y": 90 },
		{ "model": "minecraft:block/andesite_wall_side_tall5", "uvlock": false, "y": 90 }
      ],
      "when": {
        "east": "tall"
      }
    },
    {
      "apply": [
		{ "model": "minecraft:block/andesite_wall_side_tall", "uvlock": false, "y": 180 },
		{ "model": "minecraft:block/andesite_wall_side_tall2", "uvlock": false, "y": 180 },
		{ "model": "minecraft:block/andesite_wall_side_tall3", "uvlock": false, "y": 180 },
		{ "model": "minecraft:block/andesite_wall_side_tall4", "uvlock": false, "y": 180 },
		{ "model": "minecraft:block/andesite_wall_side_tall5", "uvlock": false, "y": 180 }
      ],
      "when": {
        "south": "tall"
      }
    },
    {
      "apply": [
		{ "model": "minecraft:block/andesite_wall_side_tall", "uvlock": false, "y": 270 },
		{ "model": "minecraft:block/andesite_wall_side_tall2", "uvlock": false, "y": 270 },
		{ "model": "minecraft:block/andesite_wall_side_tall3", "uvlock": false, "y": 270 },
		{ "model": "minecraft:block/andesite_wall_side_tall4", "uvlock": false, "y": 270 },
		{ "model": "minecraft:block/andesite_wall_side_tall5", "uvlock": false, "y": 270 }
      ],
      "when": {
        "west": "tall"
      }
    }
  ]
}