[
  "variants": [
    "facing=east,honey_level=0": [
		{ "model": "minecraft:block/beehive_empty", "y": 90 },
		{ "model": "minecraft:block/beehive_empty2", "y": 90 }
    ],
    "facing=east,honey_level=1": [
		{ "model": "minecraft:block/beehive_empty", "y": 90 },
		{ "model": "minecraft:block/beehive_empty2", "y": 90 }
    ],
    "facing=east,honey_level=2": [
		{ "model": "minecraft:block/beehive_empty", "y": 90 },
		{ "model": "minecraft:block/beehive_empty2", "y": 90 }
    ],
    "facing=east,honey_level=3": [
		{ "model": "minecraft:block/beehive_empty", "y": 90 },
		{ "model": "minecraft:block/beehive_empty2", "y": 90 }
    ],
    "facing=east,honey_level=4": [
		{ "model": "minecraft:block/beehive_empty", "y": 90 },
		{ "model": "minecraft:block/beehive_empty2", "y": 90 }
    ],
    "facing=east,honey_level=5": [
		{ "model": "minecraft:block/beehive_honey", "y": 90 },
		{ "model": "minecraft:block/beehive_honey2", "y": 90 }
    ],
    "facing=north,honey_level=0": [
        { "model": "minecraft:block/beehive_empty" },
        { "model": "minecraft:block/beehive_empty2" }
    ],
    "facing=north,honey_level=1": [
        { "model": "minecraft:block/beehive_empty" },
        { "model": "minecraft:block/beehive_empty2" }
    ],
    "facing=north,honey_level=2": [
        { "model": "minecraft:block/beehive_empty" },
        { "model": "minecraft:block/beehive_empty2" }
    ],
    "facing=north,honey_level=3": [
        { "model": "minecraft:block/beehive_empty" },
        { "model": "minecraft:block/beehive_empty2" }
    ],
    "facing=north,honey_level=4": [
        { "model": "minecraft:block/beehive_empty" },
        { "model": "minecraft:block/beehive_empty2" }
    ],
    "facing=north,honey_level=5": [
        { "model": "minecraft:block/beehive_honey" },
        { "model": "minecraft:block/beehive_honey2" }
    ],
    "facing=south,honey_level=0": [
        { "model": "minecraft:block/beehive_empty", "y": 180 },
        { "model": "minecraft:block/beehive_empty2", "y": 180 }
    ],
    "facing=south,honey_level=1": [
        { "model": "minecraft:block/beehive_empty", "y": 180 },
        { "model": "minecraft:block/beehive_empty2", "y": 180 }
    ],
    "facing=south,honey_level=2": [
        { "model": "minecraft:block/beehive_empty", "y": 180 },
        { "model": "minecraft:block/beehive_empty2", "y": 180 }
    ],
    "facing=south,honey_level=3": [
        { "model": "minecraft:block/beehive_empty", "y": 180 },
        { "model": "minecraft:block/beehive_empty2", "y": 180 }
    ],
    "facing=south,honey_level=4": [
        { "model": "minecraft:block/beehive_empty", "y": 180 },
        { "model": "minecraft:block/beehive_empty2", "y": 180 }
    ],
    "facing=south,honey_level=5": [
        { "model": "minecraft:block/beehive_honey", "y": 180 },
        { "model": "minecraft:block/beehive_honey2", "y": 180 }
    ],
    "facing=west,honey_level=0": [
        { "model": "minecraft:block/beehive_empty", "y": 270 },
        { "model": "minecraft:block/beehive_empty2", "y": 270 }
    ],
    "facing=west,honey_level=1": [
        { "model": "minecraft:block/beehive_empty", "y": 270 },
        { "model": "minecraft:block/beehive_empty2", "y": 270 }
    ],
    "facing=west,honey_level=2": [
        { "model": "minecraft:block/beehive_empty", "y": 270 },
        { "model": "minecraft:block/beehive_empty2", "y": 270 }
    ],
    "facing=west,honey_level=3": [
        { "model": "minecraft:block/beehive_empty", "y": 270 },
        { "model": "minecraft:block/beehive_empty2", "y": 270 }
    ],
    "facing=west,honey_level=4": [
        { "model": "minecraft:block/beehive_empty", "y": 270 },
        { "model": "minecraft:block/beehive_empty2", "y": 270 }
    ],
    "facing=west,honey_level=5": [
        { "model": "minecraft:block/beehive_honey", "y": 270 },
        { "model": "minecraft:block/beehive_honey2", "y": 270 }
    ]
  ]
]