{
  "multipart": [
    {
      "apply": {
        "model": "minecraft:block/chiseled_bookshelf",
        "uvlock": true
      },
      "when": {
        "facing": "north"
      }
    },
    {
      "apply": [
		{ "model": "minecraft:block/chiseled_bookshelf_occupied_slot_top_left_black", "weight": 10 },
		{ "model": "minecraft:block/chiseled_bookshelf_occupied_slot_top_left_blue", "weight": 11 },
		{ "model": "minecraft:block/chiseled_bookshelf_occupied_slot_top_left_brown", "weight": 12 },
		{ "model": "minecraft:block/chiseled_bookshelf_occupied_slot_top_left_cyan", "weight": 13 },
		{ "model": "minecraft:block/chiseled_bookshelf_occupied_slot_top_left_gray", "weight": 14 },
		{ "model": "minecraft:block/chiseled_bookshelf_occupied_slot_top_left_green", "weight": 15 },
		{ "model": "minecraft:block/chiseled_bookshelf_occupied_slot_top_left_light_blue", "weight": 16 },
		{ "model": "minecraft:block/chiseled_bookshelf_occupied_slot_top_left_light_gray", "weight": 17 },
		{ "model": "minecraft:block/chiseled_bookshelf_occupied_slot_top_left_lime", "weight": 18 },
		{ "model": "minecraft:block/chiseled_bookshelf_occupied_slot_top_left_magenta", "weight": 19 },
		{ "model": "minecraft:block/chiseled_bookshelf_occupied_slot_top_left_orange", "weight": 20 },
		{ "model": "minecraft:block/chiseled_bookshelf_occupied_slot_top_left_pink", "weight": 21 },
		{ "model": "minecraft:block/chiseled_bookshelf_occupied_slot_top_left_purple", "weight": 22 },
		{ "model": "minecraft:block/chiseled_bookshelf_occupied_slot_top_left_white", "weight": 23 },
		{ "model": "minecraft:block/chiseled_bookshelf_occupied_slot_top_left_yellow", "weight": 24 }
	  ],
      "when": {
        "AND": [
          {
            "facing": "north"
          },
          {
            "slot_0_occupied": "true"
          }
        ]
      }
    },
    {
      "apply": {
        "model": "minecraft:block/chiseled_bookshelf_empty_slot_top_left"
      },
      "when": {
        "AND": [
          {
            "facing": "north"
          },
          {
            "slot_0_occupied": "false"
          }
        ]
      }
    },
    {
      "apply": [
		{ "model": "minecraft:block/chiseled_bookshelf_occupied_slot_top_mid_black", "weight": 25 },
		{ "model": "minecraft:block/chiseled_bookshelf_occupied_slot_top_mid_blue", "weight": 26 },
		{ "model": "minecraft:block/chiseled_bookshelf_occupied_slot_top_mid_brown", "weight": 27 },
		{ "model": "minecraft:block/chiseled_bookshelf_occupied_slot_top_mid_cyan", "weight": 28 },
		{ "model": "minecraft:block/chiseled_bookshelf_occupied_slot_top_mid_gray", "weight": 29 },
		{ "model": "minecraft:block/chiseled_bookshelf_occupied_slot_top_mid_green", "weight": 30 },
		{ "model": "minecraft:block/chiseled_bookshelf_occupied_slot_top_mid_light_blue", "weight": 31 },
		{ "model": "minecraft:block/chiseled_bookshelf_occupied_slot_top_mid_light_gray", "weight": 32 },
		{ "model": "minecraft:block/chiseled_bookshelf_occupied_slot_top_mid_lime", "weight": 33 },
		{ "model": "minecraft:block/chiseled_bookshelf_occupied_slot_top_mid_magenta", "weight": 34 },
		{ "model": "minecraft:block/chiseled_bookshelf_occupied_slot_top_mid_orange", "weight": 35 },
		{ "model": "minecraft:block/chiseled_bookshelf_occupied_slot_top_mid_pink", "weight": 36 },
		{ "model": "minecraft:block/chiseled_bookshelf_occupied_slot_top_mid_purple", "weight": 37 },
		{ "model": "minecraft:block/chiseled_bookshelf_occupied_slot_top_mid_white", "weight": 38 },
		{ "model": "minecraft:block/chiseled_bookshelf_occupied_slot_top_mid_yellow", "weight": 39 }
	  ],
      "when": {
        "AND": [
          {
            "facing": "north"
          },
          {
            "slot_1_occupied": "true"
          }
        ]
      }
    },
    {
      "apply": {
        "model": "minecraft:block/chiseled_bookshelf_empty_slot_top_mid"
      },
      "when": {
        "AND": [
          {
            "facing": "north"
          },
          {
            "slot_1_occupied": "false"
          }
        ]
      }
    },
    {
      "apply": [
		{ "model": "minecraft:block/chiseled_bookshelf_occupied_slot_top_right_black", "weight": 40 },
		{ "model": "minecraft:block/chiseled_bookshelf_occupied_slot_top_right_blue", "weight": 41 },
		{ "model": "minecraft:block/chiseled_bookshelf_occupied_slot_top_right_brown", "weight": 42 },
		{ "model": "minecraft:block/chiseled_bookshelf_occupied_slot_top_right_cyan", "weight": 43 },
		{ "model": "minecraft:block/chiseled_bookshelf_occupied_slot_top_right_gray", "weight": 44 },
		{ "model": "minecraft:block/chiseled_bookshelf_occupied_slot_top_right_green", "weight": 45 },
		{ "model": "minecraft:block/chiseled_bookshelf_occupied_slot_top_right_light_blue", "weight": 46 },
		{ "model": "minecraft:block/chiseled_bookshelf_occupied_slot_top_right_light_gray", "weight": 47 },
		{ "model": "minecraft:block/chiseled_bookshelf_occupied_slot_top_right_lime", "weight": 48 },
		{ "model": "minecraft:block/chiseled_bookshelf_occupied_slot_top_right_magenta", "weight": 49 },
		{ "model": "minecraft:block/chiseled_bookshelf_occupied_slot_top_right_orange", "weight": 50 },
		{ "model": "minecraft:block/chiseled_bookshelf_occupied_slot_top_right_pink", "weight": 51 },
		{ "model": "minecraft:block/chiseled_bookshelf_occupied_slot_top_right_purple", "weight": 52 },
		{ "model": "minecraft:block/chiseled_bookshelf_occupied_slot_top_right_white", "weight": 53 },
		{ "model": "minecraft:block/chiseled_bookshelf_occupied_slot_top_right_yellow", "weight": 54 }
	  ],
      "when": {
        "AND": [
          {
            "facing": "north"
          },
          {
            "slot_2_occupied": "true"
          }
        ]
      }
    },
    {
      "apply": {
        "model": "minecraft:block/chiseled_bookshelf_empty_slot_top_right"
      },
      "when": {
        "AND": [
          {
            "facing": "north"
          },
          {
            "slot_2_occupied": "false"
          }
        ]
      }
    },
    {
      "apply": [
		{ "model": "minecraft:block/chiseled_bookshelf_occupied_slot_bottom_left_black", "weight": 55 },
		{ "model": "minecraft:block/chiseled_bookshelf_occupied_slot_bottom_left_blue", "weight": 56 },
		{ "model": "minecraft:block/chiseled_bookshelf_occupied_slot_bottom_left_brown", "weight": 57 },
		{ "model": "minecraft:block/chiseled_bookshelf_occupied_slot_bottom_left_cyan", "weight": 58 },
		{ "model": "minecraft:block/chiseled_bookshelf_occupied_slot_bottom_left_gray", "weight": 59 },
		{ "model": "minecraft:block/chiseled_bookshelf_occupied_slot_bottom_left_green", "weight": 60 },
		{ "model": "minecraft:block/chiseled_bookshelf_occupied_slot_bottom_left_light_blue", "weight": 61 },
		{ "model": "minecraft:block/chiseled_bookshelf_occupied_slot_bottom_left_light_gray", "weight": 62 },
		{ "model": "minecraft:block/chiseled_bookshelf_occupied_slot_bottom_left_lime", "weight": 63 },
		{ "model": "minecraft:block/chiseled_bookshelf_occupied_slot_bottom_left_magenta", "weight": 64 },
		{ "model": "minecraft:block/chiseled_bookshelf_occupied_slot_bottom_left_orange", "weight": 65 },
		{ "model": "minecraft:block/chiseled_bookshelf_occupied_slot_bottom_left_pink", "weight": 66 },
		{ "model": "minecraft:block/chiseled_bookshelf_occupied_slot_bottom_left_purple", "weight": 67 },
		{ "model": "minecraft:block/chiseled_bookshelf_occupied_slot_bottom_left_white", "weight": 68 },
		{ "model": "minecraft:block/chiseled_bookshelf_occupied_slot_bottom_left_yellow", "weight": 69 }
	  ],
      "when": {
        "AND": [
          {
            "facing": "north"
          },
          {
            "slot_3_occupied": "true"
          }
        ]
      }
    },
    {
      "apply": {
        "model": "minecraft:block/chiseled_bookshelf_empty_slot_bottom_left"
      },
      "when": {
        "AND": [
          {
            "facing": "north"
          },
          {
            "slot_3_occupied": "false"
          }
        ]
      }
    },
    {
      "apply": [
		{ "model": "minecraft:block/chiseled_bookshelf_occupied_slot_bottom_mid_black", "weight": 70 },
		{ "model": "minecraft:block/chiseled_bookshelf_occupied_slot_bottom_mid_blue", "weight": 71 },
		{ "model": "minecraft:block/chiseled_bookshelf_occupied_slot_bottom_mid_brown", "weight": 72 },
		{ "model": "minecraft:block/chiseled_bookshelf_occupied_slot_bottom_mid_cyan", "weight": 73 },
		{ "model": "minecraft:block/chiseled_bookshelf_occupied_slot_bottom_mid_gray", "weight": 74 },
		{ "model": "minecraft:block/chiseled_bookshelf_occupied_slot_bottom_mid_green", "weight": 75 },
		{ "model": "minecraft:block/chiseled_bookshelf_occupied_slot_bottom_mid_light_blue", "weight": 76 },
		{ "model": "minecraft:block/chiseled_bookshelf_occupied_slot_bottom_mid_light_gray", "weight": 77 },
		{ "model": "minecraft:block/chiseled_bookshelf_occupied_slot_bottom_mid_lime", "weight": 78 },
		{ "model": "minecraft:block/chiseled_bookshelf_occupied_slot_bottom_mid_magenta", "weight": 79 },
		{ "model": "minecraft:block/chiseled_bookshelf_occupied_slot_bottom_mid_orange", "weight": 80 },
		{ "model": "minecraft:block/chiseled_bookshelf_occupied_slot_bottom_mid_pink", "weight": 81 },
		{ "model": "minecraft:block/chiseled_bookshelf_occupied_slot_bottom_mid_purple", "weight": 82 },
		{ "model": "minecraft:block/chiseled_bookshelf_occupied_slot_bottom_mid_white", "weight": 83 },
		{ "model": "minecraft:block/chiseled_bookshelf_occupied_slot_bottom_mid_yellow", "weight": 84 }
      ],
      "when": {
        "AND": [
          {
            "facing": "north"
          },
          {
            "slot_4_occupied": "true"
          }
        ]
      }
    },
    {
      "apply": {
        "model": "minecraft:block/chiseled_bookshelf_empty_slot_bottom_mid"
      },
      "when": {
        "AND": [
          {
            "facing": "north"
          },
          {
            "slot_4_occupied": "false"
          }
        ]
      }
    },
    {
      "apply": [
		{ "model": "minecraft:block/chiseled_bookshelf_occupied_slot_bottom_right_black", "weight": 85 },
		{ "model": "minecraft:block/chiseled_bookshelf_occupied_slot_bottom_right_blue", "weight": 86 },
		{ "model": "minecraft:block/chiseled_bookshelf_occupied_slot_bottom_right_brown", "weight": 87 },
		{ "model": "minecraft:block/chiseled_bookshelf_occupied_slot_bottom_right_cyan", "weight": 88 },
		{ "model": "minecraft:block/chiseled_bookshelf_occupied_slot_bottom_right_gray", "weight": 89 },
		{ "model": "minecraft:block/chiseled_bookshelf_occupied_slot_bottom_right_green", "weight": 90 },
		{ "model": "minecraft:block/chiseled_bookshelf_occupied_slot_bottom_right_light_blue", "weight": 91 },
		{ "model": "minecraft:block/chiseled_bookshelf_occupied_slot_bottom_right_light_gray", "weight": 92 },
		{ "model": "minecraft:block/chiseled_bookshelf_occupied_slot_bottom_right_lime", "weight": 93 },
		{ "model": "minecraft:block/chiseled_bookshelf_occupied_slot_bottom_right_magenta", "weight": 94 },
		{ "model": "minecraft:block/chiseled_bookshelf_occupied_slot_bottom_right_orange", "weight": 95 },
		{ "model": "minecraft:block/chiseled_bookshelf_occupied_slot_bottom_right_pink", "weight": 96 },
		{ "model": "minecraft:block/chiseled_bookshelf_occupied_slot_bottom_right_purple", "weight": 97 },
		{ "model": "minecraft:block/chiseled_bookshelf_occupied_slot_bottom_right_white", "weight": 98 },
		{ "model": "minecraft:block/chiseled_bookshelf_occupied_slot_bottom_right_yellow", "weight": 99 }
      ],
      "when": {
        "AND": [
          {
            "facing": "north"
          },
          {
            "slot_5_occupied": "true"
          }
        ]
      }
    },
    {
      "apply": {
        "model": "minecraft:block/chiseled_bookshelf_empty_slot_bottom_right"
      },
      "when": {
        "AND": [
          {
            "facing": "north"
          },
          {
            "slot_5_occupied": "false"
          }
        ]
      }
    },
    {
      "apply": {
        "model": "minecraft:block/chiseled_bookshelf",
        "uvlock": true,
        "y": 90
      },
      "when": {
        "facing": "east"
      }
    },
    {
      "apply": [
		{ "model": "minecraft:block/chiseled_bookshelf_occupied_slot_top_left_black", "weight": 10, "y": 90 },
		{ "model": "minecraft:block/chiseled_bookshelf_occupied_slot_top_left_blue", "weight": 11, "y": 90 },
		{ "model": "minecraft:block/chiseled_bookshelf_occupied_slot_top_left_brown", "weight": 12, "y": 90 },
		{ "model": "minecraft:block/chiseled_bookshelf_occupied_slot_top_left_cyan", "weight": 13, "y": 90 },
		{ "model": "minecraft:block/chiseled_bookshelf_occupied_slot_top_left_gray", "weight": 14, "y": 90 },
		{ "model": "minecraft:block/chiseled_bookshelf_occupied_slot_top_left_green", "weight": 15, "y": 90 },
		{ "model": "minecraft:block/chiseled_bookshelf_occupied_slot_top_left_light_blue", "weight": 16, "y": 90 },
		{ "model": "minecraft:block/chiseled_bookshelf_occupied_slot_top_left_light_gray", "weight": 17, "y": 90 },
		{ "model": "minecraft:block/chiseled_bookshelf_occupied_slot_top_left_lime", "weight": 18, "y": 90 },
		{ "model": "minecraft:block/chiseled_bookshelf_occupied_slot_top_left_magenta", "weight": 19, "y": 90 },
		{ "model": "minecraft:block/chiseled_bookshelf_occupied_slot_top_left_orange", "weight": 20, "y": 90 },
		{ "model": "minecraft:block/chiseled_bookshelf_occupied_slot_top_left_pink", "weight": 21, "y": 90 },
		{ "model": "minecraft:block/chiseled_bookshelf_occupied_slot_top_left_purple", "weight": 22, "y": 90 },
		{ "model": "minecraft:block/chiseled_bookshelf_occupied_slot_top_left_white", "weight": 23, "y": 90 },
		{ "model": "minecraft:block/chiseled_bookshelf_occupied_slot_top_left_yellow", "weight": 24, "y": 90 }
	  ],
      "when": {
        "AND": [
          {
            "facing": "east"
          },
          {
            "slot_0_occupied": "true"
          }
        ]
      }
    },
    {
      "apply": {
        "model": "minecraft:block/chiseled_bookshelf_empty_slot_top_left",
        "y": 90
      },
      "when": {
        "AND": [
          {
            "facing": "east"
          },
          {
            "slot_0_occupied": "false"
          }
        ]
      }
    },
    {
      "apply": [
		{ "model": "minecraft:block/chiseled_bookshelf_occupied_slot_top_mid_black", "weight": 25, "y": 90 },
		{ "model": "minecraft:block/chiseled_bookshelf_occupied_slot_top_mid_blue", "weight": 26, "y": 90 },
		{ "model": "minecraft:block/chiseled_bookshelf_occupied_slot_top_mid_brown", "weight": 27, "y": 90 },
		{ "model": "minecraft:block/chiseled_bookshelf_occupied_slot_top_mid_cyan", "weight": 28, "y": 90 },
		{ "model": "minecraft:block/chiseled_bookshelf_occupied_slot_top_mid_gray", "weight": 29, "y": 90 },
		{ "model": "minecraft:block/chiseled_bookshelf_occupied_slot_top_mid_green", "weight": 30, "y": 90 },
		{ "model": "minecraft:block/chiseled_bookshelf_occupied_slot_top_mid_light_blue", "weight": 31, "y": 90 },
		{ "model": "minecraft:block/chiseled_bookshelf_occupied_slot_top_mid_light_gray", "weight": 32, "y": 90 },
		{ "model": "minecraft:block/chiseled_bookshelf_occupied_slot_top_mid_lime", "weight": 33, "y": 90 },
		{ "model": "minecraft:block/chiseled_bookshelf_occupied_slot_top_mid_magenta", "weight": 34, "y": 90 },
		{ "model": "minecraft:block/chiseled_bookshelf_occupied_slot_top_mid_orange", "weight": 35, "y": 90 },
		{ "model": "minecraft:block/chiseled_bookshelf_occupied_slot_top_mid_pink", "weight": 36, "y": 90 },
		{ "model": "minecraft:block/chiseled_bookshelf_occupied_slot_top_mid_purple", "weight": 37, "y": 90 },
		{ "model": "minecraft:block/chiseled_bookshelf_occupied_slot_top_mid_white", "weight": 38, "y": 90 },
		{ "model": "minecraft:block/chiseled_bookshelf_occupied_slot_top_mid_yellow", "weight": 39, "y": 90 }
	  ],
      "when": {
        "AND": [
          {
            "facing": "east"
          },
          {
            "slot_1_occupied": "true"
          }
        ]
      }
    },
    {
      "apply": {
        "model": "minecraft:block/chiseled_bookshelf_empty_slot_top_mid",
        "y": 90
      },
      "when": {
        "AND": [
          {
            "facing": "east"
          },
          {
            "slot_1_occupied": "false"
          }
        ]
      }
    },
    {
      "apply": [
		{ "model": "minecraft:block/chiseled_bookshelf_occupied_slot_top_right_black", "weight": 40, "y": 90 },
		{ "model": "minecraft:block/chiseled_bookshelf_occupied_slot_top_right_blue", "weight": 41, "y": 90 },
		{ "model": "minecraft:block/chiseled_bookshelf_occupied_slot_top_right_brown", "weight": 42, "y": 90 },
		{ "model": "minecraft:block/chiseled_bookshelf_occupied_slot_top_right_cyan", "weight": 43, "y": 90 },
		{ "model": "minecraft:block/chiseled_bookshelf_occupied_slot_top_right_gray", "weight": 44, "y": 90 },
		{ "model": "minecraft:block/chiseled_bookshelf_occupied_slot_top_right_green", "weight": 45, "y": 90 },
		{ "model": "minecraft:block/chiseled_bookshelf_occupied_slot_top_right_light_blue", "weight": 46, "y": 90 },
		{ "model": "minecraft:block/chiseled_bookshelf_occupied_slot_top_right_light_gray", "weight": 47, "y": 90 },
		{ "model": "minecraft:block/chiseled_bookshelf_occupied_slot_top_right_lime", "weight": 48, "y": 90 },
		{ "model": "minecraft:block/chiseled_bookshelf_occupied_slot_top_right_magenta", "weight": 49, "y": 90 },
		{ "model": "minecraft:block/chiseled_bookshelf_occupied_slot_top_right_orange", "weight": 50, "y": 90 },
		{ "model": "minecraft:block/chiseled_bookshelf_occupied_slot_top_right_pink", "weight": 51, "y": 90 },
		{ "model": "minecraft:block/chiseled_bookshelf_occupied_slot_top_right_purple", "weight": 52, "y": 90 },
		{ "model": "minecraft:block/chiseled_bookshelf_occupied_slot_top_right_white", "weight": 53, "y": 90 },
		{ "model": "minecraft:block/chiseled_bookshelf_occupied_slot_top_right_yellow", "weight": 54, "y": 90 }
	  ],
      "when": {
        "AND": [
          {
            "facing": "east"
          },
          {
            "slot_2_occupied": "true"
          }
        ]
      }
    },
    {
      "apply": {
        "model": "minecraft:block/chiseled_bookshelf_empty_slot_top_right",
        "y": 90
      },
      "when": {
        "AND": [
          {
            "facing": "east"
          },
          {
            "slot_2_occupied": "false"
          }
        ]
      }
    },
    {
      "apply": [
		{ "model": "minecraft:block/chiseled_bookshelf_occupied_slot_bottom_left_black", "weight": 55, "y": 90 },
		{ "model": "minecraft:block/chiseled_bookshelf_occupied_slot_bottom_left_blue", "weight": 56, "y": 90 },
		{ "model": "minecraft:block/chiseled_bookshelf_occupied_slot_bottom_left_brown", "weight": 57, "y": 90 },
		{ "model": "minecraft:block/chiseled_bookshelf_occupied_slot_bottom_left_cyan", "weight": 58, "y": 90 },
		{ "model": "minecraft:block/chiseled_bookshelf_occupied_slot_bottom_left_gray", "weight": 59, "y": 90 },
		{ "model": "minecraft:block/chiseled_bookshelf_occupied_slot_bottom_left_green", "weight": 60, "y": 90 },
		{ "model": "minecraft:block/chiseled_bookshelf_occupied_slot_bottom_left_light_blue", "weight": 61, "y": 90 },
		{ "model": "minecraft:block/chiseled_bookshelf_occupied_slot_bottom_left_light_gray", "weight": 62, "y": 90 },
		{ "model": "minecraft:block/chiseled_bookshelf_occupied_slot_bottom_left_lime", "weight": 63, "y": 90 },
		{ "model": "minecraft:block/chiseled_bookshelf_occupied_slot_bottom_left_magenta", "weight": 64, "y": 90 },
		{ "model": "minecraft:block/chiseled_bookshelf_occupied_slot_bottom_left_orange", "weight": 65, "y": 90 },
		{ "model": "minecraft:block/chiseled_bookshelf_occupied_slot_bottom_left_pink", "weight": 66, "y": 90 },
		{ "model": "minecraft:block/chiseled_bookshelf_occupied_slot_bottom_left_purple", "weight": 67, "y": 90 },
		{ "model": "minecraft:block/chiseled_bookshelf_occupied_slot_bottom_left_white", "weight": 68, "y": 90 },
		{ "model": "minecraft:block/chiseled_bookshelf_occupied_slot_bottom_left_yellow", "weight": 69, "y": 90 }
	  ],
      "when": {
        "AND": [
          {
            "facing": "east"
          },
          {
            "slot_3_occupied": "true"
          }
        ]
      }
    },
    {
      "apply": {
        "model": "minecraft:block/chiseled_bookshelf_empty_slot_bottom_left",
        "y": 90
      },
      "when": {
        "AND": [
          {
            "facing": "east"
          },
          {
            "slot_3_occupied": "false"
          }
        ]
      }
    },
    {
      "apply": [
		{ "model": "minecraft:block/chiseled_bookshelf_occupied_slot_bottom_mid_black", "weight": 70, "y": 90 },
		{ "model": "minecraft:block/chiseled_bookshelf_occupied_slot_bottom_mid_blue", "weight": 71, "y": 90 },
		{ "model": "minecraft:block/chiseled_bookshelf_occupied_slot_bottom_mid_brown", "weight": 72, "y": 90 },
		{ "model": "minecraft:block/chiseled_bookshelf_occupied_slot_bottom_mid_cyan", "weight": 73, "y": 90 },
		{ "model": "minecraft:block/chiseled_bookshelf_occupied_slot_bottom_mid_gray", "weight": 74, "y": 90 },
		{ "model": "minecraft:block/chiseled_bookshelf_occupied_slot_bottom_mid_green", "weight": 75, "y": 90 },
		{ "model": "minecraft:block/chiseled_bookshelf_occupied_slot_bottom_mid_light_blue", "weight": 76, "y": 90 },
		{ "model": "minecraft:block/chiseled_bookshelf_occupied_slot_bottom_mid_light_gray", "weight": 77, "y": 90 },
		{ "model": "minecraft:block/chiseled_bookshelf_occupied_slot_bottom_mid_lime", "weight": 78, "y": 90 },
		{ "model": "minecraft:block/chiseled_bookshelf_occupied_slot_bottom_mid_magenta", "weight": 79, "y": 90 },
		{ "model": "minecraft:block/chiseled_bookshelf_occupied_slot_bottom_mid_orange", "weight": 80, "y": 90 },
		{ "model": "minecraft:block/chiseled_bookshelf_occupied_slot_bottom_mid_pink", "weight": 81, "y": 90 },
		{ "model": "minecraft:block/chiseled_bookshelf_occupied_slot_bottom_mid_purple", "weight": 82, "y": 90 },
		{ "model": "minecraft:block/chiseled_bookshelf_occupied_slot_bottom_mid_white", "weight": 83, "y": 90 },
		{ "model": "minecraft:block/chiseled_bookshelf_occupied_slot_bottom_mid_yellow", "weight": 84, "y": 90 }
      ],
      "when": {
        "AND": [
          {
            "facing": "east"
          },
          {
            "slot_4_occupied": "true"
          }
        ]
      }
    },
    {
      "apply": {
        "model": "minecraft:block/chiseled_bookshelf_empty_slot_bottom_mid",
        "y": 90
      },
      "when": {
        "AND": [
          {
            "facing": "east"
          },
          {
            "slot_4_occupied": "false"
          }
        ]
      }
    },
    {
      "apply": [
		{ "model": "minecraft:block/chiseled_bookshelf_occupied_slot_bottom_right_black", "weight": 85, "y": 90 },
		{ "model": "minecraft:block/chiseled_bookshelf_occupied_slot_bottom_right_blue", "weight": 86, "y": 90 },
		{ "model": "minecraft:block/chiseled_bookshelf_occupied_slot_bottom_right_brown", "weight": 87, "y": 90 },
		{ "model": "minecraft:block/chiseled_bookshelf_occupied_slot_bottom_right_cyan", "weight": 88, "y": 90 },
		{ "model": "minecraft:block/chiseled_bookshelf_occupied_slot_bottom_right_gray", "weight": 89, "y": 90 },
		{ "model": "minecraft:block/chiseled_bookshelf_occupied_slot_bottom_right_green", "weight": 90, "y": 90 },
		{ "model": "minecraft:block/chiseled_bookshelf_occupied_slot_bottom_right_light_blue", "weight": 91, "y": 90 },
		{ "model": "minecraft:block/chiseled_bookshelf_occupied_slot_bottom_right_light_gray", "weight": 92, "y": 90 },
		{ "model": "minecraft:block/chiseled_bookshelf_occupied_slot_bottom_right_lime", "weight": 93, "y": 90 },
		{ "model": "minecraft:block/chiseled_bookshelf_occupied_slot_bottom_right_magenta", "weight": 94, "y": 90 },
		{ "model": "minecraft:block/chiseled_bookshelf_occupied_slot_bottom_right_orange", "weight": 95, "y": 90 },
		{ "model": "minecraft:block/chiseled_bookshelf_occupied_slot_bottom_right_pink", "weight": 96, "y": 90 },
		{ "model": "minecraft:block/chiseled_bookshelf_occupied_slot_bottom_right_purple", "weight": 97, "y": 90 },
		{ "model": "minecraft:block/chiseled_bookshelf_occupied_slot_bottom_right_white", "weight": 98, "y": 90 },
		{ "model": "minecraft:block/chiseled_bookshelf_occupied_slot_bottom_right_yellow", "weight": 99, "y": 90 }
      ],
      "when": {
        "AND": [
          {
            "facing": "east"
          },
          {
            "slot_5_occupied": "true"
          }
        ]
      }
    },
    {
      "apply": {
        "model": "minecraft:block/chiseled_bookshelf_empty_slot_bottom_right",
        "y": 90
      },
      "when": {
        "AND": [
          {
            "facing": "east"
          },
          {
            "slot_5_occupied": "false"
          }
        ]
      }
    },
    {
      "apply": {
        "model": "minecraft:block/chiseled_bookshelf",
        "uvlock": true,
        "y": 180
      },
      "when": {
        "facing": "south"
      }
    },
    {
      "apply": [
		{ "model": "minecraft:block/chiseled_bookshelf_occupied_slot_top_left_black", "weight": 10, "y": 180 },
		{ "model": "minecraft:block/chiseled_bookshelf_occupied_slot_top_left_blue", "weight": 11, "y": 180 },
		{ "model": "minecraft:block/chiseled_bookshelf_occupied_slot_top_left_brown", "weight": 12, "y": 180 },
		{ "model": "minecraft:block/chiseled_bookshelf_occupied_slot_top_left_cyan", "weight": 13, "y": 180 },
		{ "model": "minecraft:block/chiseled_bookshelf_occupied_slot_top_left_gray", "weight": 14, "y": 180 },
		{ "model": "minecraft:block/chiseled_bookshelf_occupied_slot_top_left_green", "weight": 15, "y": 180 },
		{ "model": "minecraft:block/chiseled_bookshelf_occupied_slot_top_left_light_blue", "weight": 16, "y": 180 },
		{ "model": "minecraft:block/chiseled_bookshelf_occupied_slot_top_left_light_gray", "weight": 17, "y": 180 },
		{ "model": "minecraft:block/chiseled_bookshelf_occupied_slot_top_left_lime", "weight": 18, "y": 180 },
		{ "model": "minecraft:block/chiseled_bookshelf_occupied_slot_top_left_magenta", "weight": 19, "y": 180 },
		{ "model": "minecraft:block/chiseled_bookshelf_occupied_slot_top_left_orange", "weight": 20, "y": 180 },
		{ "model": "minecraft:block/chiseled_bookshelf_occupied_slot_top_left_pink", "weight": 21, "y": 180 },
		{ "model": "minecraft:block/chiseled_bookshelf_occupied_slot_top_left_purple", "weight": 22, "y": 180 },
		{ "model": "minecraft:block/chiseled_bookshelf_occupied_slot_top_left_white", "weight": 23, "y": 180 },
		{ "model": "minecraft:block/chiseled_bookshelf_occupied_slot_top_left_yellow", "weight": 24, "y": 180 }
	  ],
      "when": {
        "AND": [
          {
            "facing": "south"
          },
          {
            "slot_0_occupied": "true"
          }
        ]
      }
    },
    {
      "apply": {
        "model": "minecraft:block/chiseled_bookshelf_empty_slot_top_left",
        "y": 180
      },
      "when": {
        "AND": [
          {
            "facing": "south"
          },
          {
            "slot_0_occupied": "false"
          }
        ]
      }
    },
    {
      "apply": [
		{ "model": "minecraft:block/chiseled_bookshelf_occupied_slot_top_mid_black", "weight": 25, "y": 180 },
		{ "model": "minecraft:block/chiseled_bookshelf_occupied_slot_top_mid_blue", "weight": 26, "y": 180 },
		{ "model": "minecraft:block/chiseled_bookshelf_occupied_slot_top_mid_brown", "weight": 27, "y": 180 },
		{ "model": "minecraft:block/chiseled_bookshelf_occupied_slot_top_mid_cyan", "weight": 28, "y": 180 },
		{ "model": "minecraft:block/chiseled_bookshelf_occupied_slot_top_mid_gray", "weight": 29, "y": 180 },
		{ "model": "minecraft:block/chiseled_bookshelf_occupied_slot_top_mid_green", "weight": 30, "y": 180 },
		{ "model": "minecraft:block/chiseled_bookshelf_occupied_slot_top_mid_light_blue", "weight": 31, "y": 180 },
		{ "model": "minecraft:block/chiseled_bookshelf_occupied_slot_top_mid_light_gray", "weight": 32, "y": 180 },
		{ "model": "minecraft:block/chiseled_bookshelf_occupied_slot_top_mid_lime", "weight": 33, "y": 180 },
		{ "model": "minecraft:block/chiseled_bookshelf_occupied_slot_top_mid_magenta", "weight": 34, "y": 180 },
		{ "model": "minecraft:block/chiseled_bookshelf_occupied_slot_top_mid_orange", "weight": 35, "y": 180 },
		{ "model": "minecraft:block/chiseled_bookshelf_occupied_slot_top_mid_pink", "weight": 36, "y": 180 },
		{ "model": "minecraft:block/chiseled_bookshelf_occupied_slot_top_mid_purple", "weight": 37, "y": 180 },
		{ "model": "minecraft:block/chiseled_bookshelf_occupied_slot_top_mid_white", "weight": 38, "y": 180 },
		{ "model": "minecraft:block/chiseled_bookshelf_occupied_slot_top_mid_yellow", "weight": 39, "y": 180 }
	  ],
      "when": {
        "AND": [
          {
            "facing": "south"
          },
          {
            "slot_1_occupied": "true"
          }
        ]
      }
    },
    {
      "apply": {
        "model": "minecraft:block/chiseled_bookshelf_empty_slot_top_mid",
        "y": 180
      },
      "when": {
        "AND": [
          {
            "facing": "south"
          },
          {
            "slot_1_occupied": "false"
          }
        ]
      }
    },
    {
      "apply": [
		{ "model": "minecraft:block/chiseled_bookshelf_occupied_slot_top_right_black", "weight": 40, "y": 180 },
		{ "model": "minecraft:block/chiseled_bookshelf_occupied_slot_top_right_blue", "weight": 41, "y": 180 },
		{ "model": "minecraft:block/chiseled_bookshelf_occupied_slot_top_right_brown", "weight": 42, "y": 180 },
		{ "model": "minecraft:block/chiseled_bookshelf_occupied_slot_top_right_cyan", "weight": 43, "y": 180 },
		{ "model": "minecraft:block/chiseled_bookshelf_occupied_slot_top_right_gray", "weight": 44, "y": 180 },
		{ "model": "minecraft:block/chiseled_bookshelf_occupied_slot_top_right_green", "weight": 45, "y": 180 },
		{ "model": "minecraft:block/chiseled_bookshelf_occupied_slot_top_right_light_blue", "weight": 46, "y": 180 },
		{ "model": "minecraft:block/chiseled_bookshelf_occupied_slot_top_right_light_gray", "weight": 47, "y": 180 },
		{ "model": "minecraft:block/chiseled_bookshelf_occupied_slot_top_right_lime", "weight": 48, "y": 180 },
		{ "model": "minecraft:block/chiseled_bookshelf_occupied_slot_top_right_magenta", "weight": 49, "y": 180 },
		{ "model": "minecraft:block/chiseled_bookshelf_occupied_slot_top_right_orange", "weight": 50, "y": 180 },
		{ "model": "minecraft:block/chiseled_bookshelf_occupied_slot_top_right_pink", "weight": 51, "y": 180 },
		{ "model": "minecraft:block/chiseled_bookshelf_occupied_slot_top_right_purple", "weight": 52, "y": 180 },
		{ "model": "minecraft:block/chiseled_bookshelf_occupied_slot_top_right_white", "weight": 53, "y": 180 },
		{ "model": "minecraft:block/chiseled_bookshelf_occupied_slot_top_right_yellow", "weight": 54, "y": 180 }
	  ],
      "when": {
        "AND": [
          {
            "facing": "south"
          },
          {
            "slot_2_occupied": "true"
          }
        ]
      }
    },
    {
      "apply": {
        "model": "minecraft:block/chiseled_bookshelf_empty_slot_top_right",
        "y": 180
      },
      "when": {
        "AND": [
          {
            "facing": "south"
          },
          {
            "slot_2_occupied": "false"
          }
        ]
      }
    },
    {
      "apply": [
		{ "model": "minecraft:block/chiseled_bookshelf_occupied_slot_bottom_left_black", "weight": 55, "y": 180 },
		{ "model": "minecraft:block/chiseled_bookshelf_occupied_slot_bottom_left_blue", "weight": 56, "y": 180 },
		{ "model": "minecraft:block/chiseled_bookshelf_occupied_slot_bottom_left_brown", "weight": 57, "y": 180 },
		{ "model": "minecraft:block/chiseled_bookshelf_occupied_slot_bottom_left_cyan", "weight": 58, "y": 180 },
		{ "model": "minecraft:block/chiseled_bookshelf_occupied_slot_bottom_left_gray", "weight": 59, "y": 180 },
		{ "model": "minecraft:block/chiseled_bookshelf_occupied_slot_bottom_left_green", "weight": 60, "y": 180 },
		{ "model": "minecraft:block/chiseled_bookshelf_occupied_slot_bottom_left_light_blue", "weight": 61, "y": 180 },
		{ "model": "minecraft:block/chiseled_bookshelf_occupied_slot_bottom_left_light_gray", "weight": 62, "y": 180 },
		{ "model": "minecraft:block/chiseled_bookshelf_occupied_slot_bottom_left_lime", "weight": 63, "y": 180 },
		{ "model": "minecraft:block/chiseled_bookshelf_occupied_slot_bottom_left_magenta", "weight": 64, "y": 180 },
		{ "model": "minecraft:block/chiseled_bookshelf_occupied_slot_bottom_left_orange", "weight": 65, "y": 180 },
		{ "model": "minecraft:block/chiseled_bookshelf_occupied_slot_bottom_left_pink", "weight": 66, "y": 180 },
		{ "model": "minecraft:block/chiseled_bookshelf_occupied_slot_bottom_left_purple", "weight": 67, "y": 180 },
		{ "model": "minecraft:block/chiseled_bookshelf_occupied_slot_bottom_left_white", "weight": 68, "y": 180 },
		{ "model": "minecraft:block/chiseled_bookshelf_occupied_slot_bottom_left_yellow", "weight": 69, "y": 180 }
	  ],
      "when": {
        "AND": [
          {
            "facing": "south"
          },
          {
            "slot_3_occupied": "true"
          }
        ]
      }
    },
    {
      "apply": {
        "model": "minecraft:block/chiseled_bookshelf_empty_slot_bottom_left",
        "y": 180
      },
      "when": {
        "AND": [
          {
            "facing": "south"
          },
          {
            "slot_3_occupied": "false"
          }
        ]
      }
    },
    {
      "apply": [
		{ "model": "minecraft:block/chiseled_bookshelf_occupied_slot_bottom_mid_black", "weight": 70, "y": 180 },
		{ "model": "minecraft:block/chiseled_bookshelf_occupied_slot_bottom_mid_blue", "weight": 71, "y": 180 },
		{ "model": "minecraft:block/chiseled_bookshelf_occupied_slot_bottom_mid_brown", "weight": 72, "y": 180 },
		{ "model": "minecraft:block/chiseled_bookshelf_occupied_slot_bottom_mid_cyan", "weight": 73, "y": 180 },
		{ "model": "minecraft:block/chiseled_bookshelf_occupied_slot_bottom_mid_gray", "weight": 74, "y": 180 },
		{ "model": "minecraft:block/chiseled_bookshelf_occupied_slot_bottom_mid_green", "weight": 75, "y": 180 },
		{ "model": "minecraft:block/chiseled_bookshelf_occupied_slot_bottom_mid_light_blue", "weight": 76, "y": 180 },
		{ "model": "minecraft:block/chiseled_bookshelf_occupied_slot_bottom_mid_light_gray", "weight": 77, "y": 180 },
		{ "model": "minecraft:block/chiseled_bookshelf_occupied_slot_bottom_mid_lime", "weight": 78, "y": 180 },
		{ "model": "minecraft:block/chiseled_bookshelf_occupied_slot_bottom_mid_magenta", "weight": 79, "y": 180 },
		{ "model": "minecraft:block/chiseled_bookshelf_occupied_slot_bottom_mid_orange", "weight": 80, "y": 180 },
		{ "model": "minecraft:block/chiseled_bookshelf_occupied_slot_bottom_mid_pink", "weight": 81, "y": 180 },
		{ "model": "minecraft:block/chiseled_bookshelf_occupied_slot_bottom_mid_purple", "weight": 82, "y": 180 },
		{ "model": "minecraft:block/chiseled_bookshelf_occupied_slot_bottom_mid_white", "weight": 83, "y": 180 },
		{ "model": "minecraft:block/chiseled_bookshelf_occupied_slot_bottom_mid_yellow", "weight": 84, "y": 180 }
      ],
      "when": {
        "AND": [
          {
            "facing": "south"
          },
          {
            "slot_4_occupied": "true"
          }
        ]
      }
    },
    {
      "apply": {
        "model": "minecraft:block/chiseled_bookshelf_empty_slot_bottom_mid",
        "y": 180
      },
      "when": {
        "AND": [
          {
            "facing": "south"
          },
          {
            "slot_4_occupied": "false"
          }
        ]
      }
    },
    {
      "apply": [
		{ "model": "minecraft:block/chiseled_bookshelf_occupied_slot_bottom_right_black", "weight": 85, "y": 180 },
		{ "model": "minecraft:block/chiseled_bookshelf_occupied_slot_bottom_right_blue", "weight": 86, "y": 180 },
		{ "model": "minecraft:block/chiseled_bookshelf_occupied_slot_bottom_right_brown", "weight": 87, "y": 180 },
		{ "model": "minecraft:block/chiseled_bookshelf_occupied_slot_bottom_right_cyan", "weight": 88, "y": 180 },
		{ "model": "minecraft:block/chiseled_bookshelf_occupied_slot_bottom_right_gray", "weight": 89, "y": 180 },
		{ "model": "minecraft:block/chiseled_bookshelf_occupied_slot_bottom_right_green", "weight": 90, "y": 180 },
		{ "model": "minecraft:block/chiseled_bookshelf_occupied_slot_bottom_right_light_blue", "weight": 91, "y": 180 },
		{ "model": "minecraft:block/chiseled_bookshelf_occupied_slot_bottom_right_light_gray", "weight": 92, "y": 180 },
		{ "model": "minecraft:block/chiseled_bookshelf_occupied_slot_bottom_right_lime", "weight": 93, "y": 180 },
		{ "model": "minecraft:block/chiseled_bookshelf_occupied_slot_bottom_right_magenta", "weight": 94, "y": 180 },
		{ "model": "minecraft:block/chiseled_bookshelf_occupied_slot_bottom_right_orange", "weight": 95, "y": 180 },
		{ "model": "minecraft:block/chiseled_bookshelf_occupied_slot_bottom_right_pink", "weight": 96, "y": 180 },
		{ "model": "minecraft:block/chiseled_bookshelf_occupied_slot_bottom_right_purple", "weight": 97, "y": 180 },
		{ "model": "minecraft:block/chiseled_bookshelf_occupied_slot_bottom_right_white", "weight": 98, "y": 180 },
		{ "model": "minecraft:block/chiseled_bookshelf_occupied_slot_bottom_right_yellow", "weight": 99, "y": 180 }
      ],
      "when": {
        "AND": [
          {
            "facing": "south"
          },
          {
            "slot_5_occupied": "true"
          }
        ]
      }
    },
    {
      "apply": {
        "model": "minecraft:block/chiseled_bookshelf_empty_slot_bottom_right",
        "y": 180
      },
      "when": {
        "AND": [
          {
            "facing": "south"
          },
          {
            "slot_5_occupied": "false"
          }
        ]
      }
    },
    {
      "apply": {
        "model": "minecraft:block/chiseled_bookshelf",
        "uvlock": true,
        "y": 270
      },
      "when": {
        "facing": "west"
      }
    },
    {
      "apply": [
		{ "model": "minecraft:block/chiseled_bookshelf_occupied_slot_top_left_black", "weight": 10, "y": 270 },
		{ "model": "minecraft:block/chiseled_bookshelf_occupied_slot_top_left_blue", "weight": 11, "y": 270 },
		{ "model": "minecraft:block/chiseled_bookshelf_occupied_slot_top_left_brown", "weight": 12, "y": 270 },
		{ "model": "minecraft:block/chiseled_bookshelf_occupied_slot_top_left_cyan", "weight": 13, "y": 270 },
		{ "model": "minecraft:block/chiseled_bookshelf_occupied_slot_top_left_gray", "weight": 14, "y": 270 },
		{ "model": "minecraft:block/chiseled_bookshelf_occupied_slot_top_left_green", "weight": 15, "y": 270 },
		{ "model": "minecraft:block/chiseled_bookshelf_occupied_slot_top_left_light_blue", "weight": 16, "y": 270 },
		{ "model": "minecraft:block/chiseled_bookshelf_occupied_slot_top_left_light_gray", "weight": 17, "y": 270 },
		{ "model": "minecraft:block/chiseled_bookshelf_occupied_slot_top_left_lime", "weight": 18, "y": 270 },
		{ "model": "minecraft:block/chiseled_bookshelf_occupied_slot_top_left_magenta", "weight": 19, "y": 270 },
		{ "model": "minecraft:block/chiseled_bookshelf_occupied_slot_top_left_orange", "weight": 20, "y": 270 },
		{ "model": "minecraft:block/chiseled_bookshelf_occupied_slot_top_left_pink", "weight": 21, "y": 270 },
		{ "model": "minecraft:block/chiseled_bookshelf_occupied_slot_top_left_purple", "weight": 22, "y": 270 },
		{ "model": "minecraft:block/chiseled_bookshelf_occupied_slot_top_left_white", "weight": 23, "y": 270 },
		{ "model": "minecraft:block/chiseled_bookshelf_occupied_slot_top_left_yellow", "weight": 24, "y": 270 }
	  ],
      "when": {
        "AND": [
          {
            "facing": "west"
          },
          {
            "slot_0_occupied": "true"
          }
        ]
      }
    },
    {
      "apply": {
        "model": "minecraft:block/chiseled_bookshelf_empty_slot_top_left",
        "y": 270
      },
      "when": {
        "AND": [
          {
            "facing": "west"
          },
          {
            "slot_0_occupied": "false"
          }
        ]
      }
    },
    {
      "apply": [
		{ "model": "minecraft:block/chiseled_bookshelf_occupied_slot_top_mid_black", "weight": 25, "y": 270 },
		{ "model": "minecraft:block/chiseled_bookshelf_occupied_slot_top_mid_blue", "weight": 26, "y": 270 },
		{ "model": "minecraft:block/chiseled_bookshelf_occupied_slot_top_mid_brown", "weight": 27, "y": 270 },
		{ "model": "minecraft:block/chiseled_bookshelf_occupied_slot_top_mid_cyan", "weight": 28, "y": 270 },
		{ "model": "minecraft:block/chiseled_bookshelf_occupied_slot_top_mid_gray", "weight": 29, "y": 270 },
		{ "model": "minecraft:block/chiseled_bookshelf_occupied_slot_top_mid_green", "weight": 30, "y": 270 },
		{ "model": "minecraft:block/chiseled_bookshelf_occupied_slot_top_mid_light_blue", "weight": 31, "y": 270 },
		{ "model": "minecraft:block/chiseled_bookshelf_occupied_slot_top_mid_light_gray", "weight": 32, "y": 270 },
		{ "model": "minecraft:block/chiseled_bookshelf_occupied_slot_top_mid_lime", "weight": 33, "y": 270 },
		{ "model": "minecraft:block/chiseled_bookshelf_occupied_slot_top_mid_magenta", "weight": 34, "y": 270 },
		{ "model": "minecraft:block/chiseled_bookshelf_occupied_slot_top_mid_orange", "weight": 35, "y": 270 },
		{ "model": "minecraft:block/chiseled_bookshelf_occupied_slot_top_mid_pink", "weight": 36, "y": 270 },
		{ "model": "minecraft:block/chiseled_bookshelf_occupied_slot_top_mid_purple", "weight": 37, "y": 270 },
		{ "model": "minecraft:block/chiseled_bookshelf_occupied_slot_top_mid_white", "weight": 38, "y": 270 },
		{ "model": "minecraft:block/chiseled_bookshelf_occupied_slot_top_mid_yellow", "weight": 39, "y": 270 }
	  ],
      "when": {
        "AND": [
          {
            "facing": "west"
          },
          {
            "slot_1_occupied": "true"
          }
        ]
      }
    },
    {
      "apply": {
        "model": "minecraft:block/chiseled_bookshelf_empty_slot_top_mid",
        "y": 270
      },
      "when": {
        "AND": [
          {
            "facing": "west"
          },
          {
            "slot_1_occupied": "false"
          }
        ]
      }
    },
    {
      "apply": [
		{ "model": "minecraft:block/chiseled_bookshelf_occupied_slot_top_right_black", "weight": 40, "y": 270 },
		{ "model": "minecraft:block/chiseled_bookshelf_occupied_slot_top_right_blue", "weight": 41, "y": 270 },
		{ "model": "minecraft:block/chiseled_bookshelf_occupied_slot_top_right_brown", "weight": 42, "y": 270 },
		{ "model": "minecraft:block/chiseled_bookshelf_occupied_slot_top_right_cyan", "weight": 43, "y": 270 },
		{ "model": "minecraft:block/chiseled_bookshelf_occupied_slot_top_right_gray", "weight": 44, "y": 270 },
		{ "model": "minecraft:block/chiseled_bookshelf_occupied_slot_top_right_green", "weight": 45, "y": 270 },
		{ "model": "minecraft:block/chiseled_bookshelf_occupied_slot_top_right_light_blue", "weight": 46, "y": 270 },
		{ "model": "minecraft:block/chiseled_bookshelf_occupied_slot_top_right_light_gray", "weight": 47, "y": 270 },
		{ "model": "minecraft:block/chiseled_bookshelf_occupied_slot_top_right_lime", "weight": 48, "y": 270 },
		{ "model": "minecraft:block/chiseled_bookshelf_occupied_slot_top_right_magenta", "weight": 49, "y": 270 },
		{ "model": "minecraft:block/chiseled_bookshelf_occupied_slot_top_right_orange", "weight": 50, "y": 270 },
		{ "model": "minecraft:block/chiseled_bookshelf_occupied_slot_top_right_pink", "weight": 51, "y": 270 },
		{ "model": "minecraft:block/chiseled_bookshelf_occupied_slot_top_right_purple", "weight": 52, "y": 270 },
		{ "model": "minecraft:block/chiseled_bookshelf_occupied_slot_top_right_white", "weight": 53, "y": 270 },
		{ "model": "minecraft:block/chiseled_bookshelf_occupied_slot_top_right_yellow", "weight": 54, "y": 270 }
	  ],
      "when": {
        "AND": [
          {
            "facing": "west"
          },
          {
            "slot_2_occupied": "true"
          }
        ]
      }
    },
    {
      "apply": {
        "model": "minecraft:block/chiseled_bookshelf_empty_slot_top_right",
        "y": 270
      },
      "when": {
        "AND": [
          {
            "facing": "west"
          },
          {
            "slot_2_occupied": "false"
          }
        ]
      }
    },
    {
      "apply": [
		{ "model": "minecraft:block/chiseled_bookshelf_occupied_slot_bottom_left_black", "weight": 55, "y": 270 },
		{ "model": "minecraft:block/chiseled_bookshelf_occupied_slot_bottom_left_blue", "weight": 56, "y": 270 },
		{ "model": "minecraft:block/chiseled_bookshelf_occupied_slot_bottom_left_brown", "weight": 57, "y": 270 },
		{ "model": "minecraft:block/chiseled_bookshelf_occupied_slot_bottom_left_cyan", "weight": 58, "y": 270 },
		{ "model": "minecraft:block/chiseled_bookshelf_occupied_slot_bottom_left_gray", "weight": 59, "y": 270 },
		{ "model": "minecraft:block/chiseled_bookshelf_occupied_slot_bottom_left_green", "weight": 60, "y": 270 },
		{ "model": "minecraft:block/chiseled_bookshelf_occupied_slot_bottom_left_light_blue", "weight": 61, "y": 270 },
		{ "model": "minecraft:block/chiseled_bookshelf_occupied_slot_bottom_left_light_gray", "weight": 62, "y": 270 },
		{ "model": "minecraft:block/chiseled_bookshelf_occupied_slot_bottom_left_lime", "weight": 63, "y": 270 },
		{ "model": "minecraft:block/chiseled_bookshelf_occupied_slot_bottom_left_magenta", "weight": 64, "y": 270 },
		{ "model": "minecraft:block/chiseled_bookshelf_occupied_slot_bottom_left_orange", "weight": 65, "y": 270 },
		{ "model": "minecraft:block/chiseled_bookshelf_occupied_slot_bottom_left_pink", "weight": 66, "y": 270 },
		{ "model": "minecraft:block/chiseled_bookshelf_occupied_slot_bottom_left_purple", "weight": 67, "y": 270 },
		{ "model": "minecraft:block/chiseled_bookshelf_occupied_slot_bottom_left_white", "weight": 68, "y": 270 },
		{ "model": "minecraft:block/chiseled_bookshelf_occupied_slot_bottom_left_yellow", "weight": 69, "y": 270 }
	  ],
      "when": {
        "AND": [
          {
            "facing": "west"
          },
          {
            "slot_3_occupied": "true"
          }
        ]
      }
    },
    {
      "apply": {
        "model": "minecraft:block/chiseled_bookshelf_empty_slot_bottom_left",
        "y": 270
      },
      "when": {
        "AND": [
          {
            "facing": "west"
          },
          {
            "slot_3_occupied": "false"
          }
        ]
      }
    },
    {
      "apply": [
		{ "model": "minecraft:block/chiseled_bookshelf_occupied_slot_bottom_mid_black", "weight": 70, "y": 270 },
		{ "model": "minecraft:block/chiseled_bookshelf_occupied_slot_bottom_mid_blue", "weight": 71, "y": 270 },
		{ "model": "minecraft:block/chiseled_bookshelf_occupied_slot_bottom_mid_brown", "weight": 72, "y": 270 },
		{ "model": "minecraft:block/chiseled_bookshelf_occupied_slot_bottom_mid_cyan", "weight": 73, "y": 270 },
		{ "model": "minecraft:block/chiseled_bookshelf_occupied_slot_bottom_mid_gray", "weight": 74, "y": 270 },
		{ "model": "minecraft:block/chiseled_bookshelf_occupied_slot_bottom_mid_green", "weight": 75, "y": 270 },
		{ "model": "minecraft:block/chiseled_bookshelf_occupied_slot_bottom_mid_light_blue", "weight": 76, "y": 270 },
		{ "model": "minecraft:block/chiseled_bookshelf_occupied_slot_bottom_mid_light_gray", "weight": 77, "y": 270 },
		{ "model": "minecraft:block/chiseled_bookshelf_occupied_slot_bottom_mid_lime", "weight": 78, "y": 270 },
		{ "model": "minecraft:block/chiseled_bookshelf_occupied_slot_bottom_mid_magenta", "weight": 79, "y": 270 },
		{ "model": "minecraft:block/chiseled_bookshelf_occupied_slot_bottom_mid_orange", "weight": 80, "y": 270 },
		{ "model": "minecraft:block/chiseled_bookshelf_occupied_slot_bottom_mid_pink", "weight": 81, "y": 270 },
		{ "model": "minecraft:block/chiseled_bookshelf_occupied_slot_bottom_mid_purple", "weight": 82, "y": 270 },
		{ "model": "minecraft:block/chiseled_bookshelf_occupied_slot_bottom_mid_white", "weight": 83, "y": 270 },
		{ "model": "minecraft:block/chiseled_bookshelf_occupied_slot_bottom_mid_yellow", "weight": 84, "y": 270 }
      ],
      "when": {
        "AND": [
          {
            "facing": "west"
          },
          {
            "slot_4_occupied": "true"
          }
        ]
      }
    },
    {
      "apply": {
        "model": "minecraft:block/chiseled_bookshelf_empty_slot_bottom_mid",
        "y": 270
      },
      "when": {
        "AND": [
          {
            "facing": "west"
          },
          {
            "slot_4_occupied": "false"
          }
        ]
      }
    },
    {
      "apply": [
		{ "model": "minecraft:block/chiseled_bookshelf_occupied_slot_bottom_right_black", "weight": 85, "y": 270 },
		{ "model": "minecraft:block/chiseled_bookshelf_occupied_slot_bottom_right_blue", "weight": 86, "y": 270 },
		{ "model": "minecraft:block/chiseled_bookshelf_occupied_slot_bottom_right_brown", "weight": 87, "y": 270 },
		{ "model": "minecraft:block/chiseled_bookshelf_occupied_slot_bottom_right_cyan", "weight": 88, "y": 270 },
		{ "model": "minecraft:block/chiseled_bookshelf_occupied_slot_bottom_right_gray", "weight": 89, "y": 270 },
		{ "model": "minecraft:block/chiseled_bookshelf_occupied_slot_bottom_right_green", "weight": 90, "y": 270 },
		{ "model": "minecraft:block/chiseled_bookshelf_occupied_slot_bottom_right_light_blue", "weight": 91, "y": 270 },
		{ "model": "minecraft:block/chiseled_bookshelf_occupied_slot_bottom_right_light_gray", "weight": 92, "y": 270 },
		{ "model": "minecraft:block/chiseled_bookshelf_occupied_slot_bottom_right_lime", "weight": 93, "y": 270 },
		{ "model": "minecraft:block/chiseled_bookshelf_occupied_slot_bottom_right_magenta", "weight": 94, "y": 270 },
		{ "model": "minecraft:block/chiseled_bookshelf_occupied_slot_bottom_right_orange", "weight": 95, "y": 270 },
		{ "model": "minecraft:block/chiseled_bookshelf_occupied_slot_bottom_right_pink", "weight": 96, "y": 270 },
		{ "model": "minecraft:block/chiseled_bookshelf_occupied_slot_bottom_right_purple", "weight": 97, "y": 270 },
		{ "model": "minecraft:block/chiseled_bookshelf_occupied_slot_bottom_right_white", "weight": 98, "y": 270 },
		{ "model": "minecraft:block/chiseled_bookshelf_occupied_slot_bottom_right_yellow", "weight": 99, "y": 270 }
      ],
      "when": {
        "AND": [
          {
            "facing": "west"
          },
          {
            "slot_5_occupied": "true"
          }
        ]
      }
    },
    {
      "apply": {
        "model": "minecraft:block/chiseled_bookshelf_empty_slot_bottom_right",
        "y": 270
      },
      "when": {
        "AND": [
          {
            "facing": "west"
          },
          {
            "slot_5_occupied": "false"
          }
        ]
      }
    }
  ]
}