{
  "variants": {
    "axis=x": [
      {
        "model": "minecraft:block/deepslate",
		"x": 90,
		"y": 90
      },
      {
        "model": "minecraft:block/deepslate",
		"x": 90,
		"y": 270
      }
    ],
	
    "axis=y": [
      {
        "model": "minecraft:block/deepslate"
      },
      {
        "model": "minecraft:block/deepslate",
		"y": 180
      }
	],
	
	"axis=z": [
      {
        "model": "minecraft:block/deepslate",
		"x": 90
      },
      {
        "model": "minecraft:block/deepslate_mirrored",
		"x": 270
      }
    ]
  }
}