{
  "variants": {
    "": [
      {
        "model": "minecraft:block/cyan_concrete"
      },
      {
        "model": "minecraft:block/cyan_concrete_mirrored"
      },
      {
        "model": "minecraft:block/cyan_concrete",
        "y": 180
      },
      {
        "model": "minecraft:block/cyan_concrete_mirrored",
        "y": 180
      },
      {
        "model": "minecraft:block/cyan_concrete_flipped"
      },
      {
        "model": "minecraft:block/cyan_concrete_mirrored_flipped"
      },
      {
        "model": "minecraft:block/cyan_concrete_flipped",
        "y": 180
      },
      {
        "model": "minecraft:block/cyan_concrete_mirrored_flipped",
        "y": 180
      }
    ]
  }
}