{
	"variants": {
		"facing=east,segment_amount=1": {
			"model": "block/leaf_litter_1",
			"y": 90
		},
		"facing=east,segment_amount=2": {
			"model": "block/leaf_litter_2",
			"y": 90
		},
		"facing=east,segment_amount=3": {
			"model": "block/leaf_litter_3",
			"y": 90
		},
		"facing=east,segment_amount=4": {
			"model": "block/leaf_litter_4",
			"y": 90
		},
		
		"facing=north,segment_amount=1": {
			"model": "block/leaf_litter_1"
		},
		"facing=north,segment_amount=2": {
			"model": "block/leaf_litter_2"
		},
		"facing=north,segment_amount=3": {
			"model": "block/leaf_litter_3"
		},
		"facing=north,segment_amount=4": {
			"model": "block/leaf_litter_4"
		},
		
		"facing=south,segment_amount=1": {
			"model": "block/leaf_litter_1",
			"y": 180
		},
		"facing=south,segment_amount=2": {
			"model": "block/leaf_litter_2",
			"y": 180
		},
		"facing=south,segment_amount=3": {
			"model": "block/leaf_litter_3",
			"y": 180
		},
		"facing=south,segment_amount=4": {
			"model": "block/leaf_litter_4",
			"y": 180
		},
		
		"facing=west,segment_amount=1": {
			"model": "block/leaf_litter_1",
			"y": 270
		},
		"facing=west,segment_amount=2": {
			"model": "block/leaf_litter_2",
			"y": 270
		},
		"facing=west,segment_amount=3": {
			"model": "block/leaf_litter_3",
			"y": 270
		},
		"facing=west,segment_amount=4": {
			"model": "block/leaf_litter_4",
			"y": 270
		}
	}
}