{
  "multipart": [
    {
      "apply": [
        {
          "model": "minecraft:block/bamboo_thin"
        }
      ],
      "when": {
        "age": "0"
      }
    },
    {
      "apply": [
        {
          "model": "minecraft:block/bamboo_thick"
        }
      ],
      "when": {
        "age": "1"
      }
    },
    {
      "apply": {
        "model": "minecraft:block/bamboo_small_leaves"
      },
      "when": {
        "leaves": "small"
      }
    },
    {
      "apply": {
        "model": "minecraft:block/bamboo_large_leaves"
      },
      "when": {
        "leaves": "large"
      }
    }
  ]
}