{
	"credit": "Created by Stridey",
	"parent": "block/cube",
	"textures": {
		"particle": "block/bee_nest_side",
		"front": "block/bee_nest_front_honey",
		"side": "block/bee_nest_side",
		"top": "block/bee_nest_top"
	},
	"elements": [
		{
			"from": [0, 0, 0],
			"to": [16, 16, 16],
			"faces": {
				"north": {"uv": [0, 0, 16, 16], "texture": "#front", "cullface": "north"},
				"east": {"uv": [16, 0, 0, 16], "texture": "#side", "cullface": "east"},
				"south": {"uv": [16, 0, 0, 16], "texture": "#side", "cullface": "south"},
				"west": {"uv": [16, 0, 0, 16], "texture": "#side", "cullface": "west"},
				"up": {"uv": [16, 0, 0, 16], "texture": "#top", "cullface": "up"},
				"down": {"uv": [16, 0, 0, 16], "texture": "#top", "cullface": "down"}
			}
		}
	]
}