{
  "variants": {
    "": [
      {
        "model": "minecraft:block/stone"
      },
      {
        "model": "minecraft:block/stone_mirrored"
      },
      {
        "model": "minecraft:block/stone",
        "y": 180
      },
      {
        "model": "minecraft:block/stone_mirrored",
        "y": 180
      },
      {
        "model": "minecraft:block/stone_flipped"
      },
      {
        "model": "minecraft:block/stone_mirrored_flipped"
      },
      {
        "model": "minecraft:block/stone_flipped",
        "y": 180
      },
      {
        "model": "minecraft:block/stone_mirrored_flipped",
        "y": 180
      }
    ]
  }
}