{
  "variants": {
    "": [
      {
        "model": "minecraft:block/diorite"
      },
      {
        "model": "minecraft:block/diorite_mirrored"
      },
      {
        "model": "minecraft:block/diorite",
        "y": 180
      },
      {
        "model": "minecraft:block/diorite_mirrored",
        "y": 180
      },
      {
        "model": "minecraft:block/diorite_flipped"
      },
      {
        "model": "minecraft:block/diorite_mirrored_flipped"
      },
      {
        "model": "minecraft:block/diorite_flipped",
        "y": 180
      },
      {
        "model": "minecraft:block/diorite_mirrored_flipped",
        "y": 180
      }
    ]
  }
}