{
  "variants": {
    "axis=x": [
		{ "model": "minecraft:block/mangrove_wood", "x": 270, "y": 90 },
		{ "model": "minecraft:block/mangrove_wood_mirrored", "x": 270, "y": 90 },
		{ "model": "minecraft:block/mangrove_wood", "x": 90, "y": 90 },
		{ "model": "minecraft:block/mangrove_wood_mirrored", "x": 90, "y": 90 }
	],
    "axis=y": [
		{ "model": "minecraft:block/mangrove_wood" },
		{ "model": "minecraft:block/mangrove_wood_mirrored" },
		{ "model": "minecraft:block/mangrove_wood", "x": 180 },
		{ "model": "minecraft:block/mangrove_wood_mirrored", "x": 180 }
	],
    "axis=z": [
		{ "model": "minecraft:block/mangrove_wood", "x": 90 },
		{ "model": "minecraft:block/mangrove_wood_mirrored", "x": 90 },
		{ "model": "minecraft:block/mangrove_wood", "x": 270 },
		{ "model": "minecraft:block/mangrove_wood_mirrored", "x": 270 }
	]
  }
}