{
	"variants": {
		"facing=east,flower_amount=1": {
			"model": "block/pink_petals_1",
			"y": 90
		},
		"facing=east,flower_amount=2": {
			"model": "block/pink_petals_2",
			"y": 90
		},
		"facing=east,flower_amount=3": {
			"model": "block/pink_petals_3",
			"y": 90
		},
		"facing=east,flower_amount=4": {
			"model": "block/pink_petals_4",
			"y": 90
		},
		
		"facing=north,flower_amount=1": {
			"model": "block/pink_petals_1"
		},
		"facing=north,flower_amount=2": {
			"model": "block/pink_petals_2"
		},
		"facing=north,flower_amount=3": {
			"model": "block/pink_petals_3"
		},
		"facing=north,flower_amount=4": {
			"model": "block/pink_petals_4"
		},
		
		"facing=south,flower_amount=1": {
			"model": "block/pink_petals_1",
			"y": 180
		},
		"facing=south,flower_amount=2": {
			"model": "block/pink_petals_2",
			"y": 180
		},
		"facing=south,flower_amount=3": {
			"model": "block/pink_petals_3",
			"y": 180
		},
		"facing=south,flower_amount=4": {
			"model": "block/pink_petals_4",
			"y": 180
		},
		
		"facing=west,flower_amount=1": {
			"model": "block/pink_petals_1",
			"y": 270
		},
		"facing=west,flower_amount=2": {
			"model": "block/pink_petals_2",
			"y": 270
		},
		"facing=west,flower_amount=3": {
			"model": "block/pink_petals_3",
			"y": 270
		},
		"facing=west,flower_amount=4": {
			"model": "block/pink_petals_4",
			"y": 270
		}
	}
}