{
	"variants": {
		"facing=east,flower_amount=1": {
			"model": "block/wildflowers_1",
			"y": 90
		},
		"facing=east,flower_amount=2": {
			"model": "block/wildflowers_2",
			"y": 90
		},
		"facing=east,flower_amount=3": {
			"model": "block/wildflowers_3",
			"y": 90
		},
		"facing=east,flower_amount=4": {
			"model": "block/wildflowers_4",
			"y": 90
		},
		
		"facing=north,flower_amount=1": {
			"model": "block/wildflowers_1"
		},
		"facing=north,flower_amount=2": {
			"model": "block/wildflowers_2"
		},
		"facing=north,flower_amount=3": {
			"model": "block/wildflowers_3"
		},
		"facing=north,flower_amount=4": {
			"model": "block/wildflowers_4"
		},
		
		"facing=south,flower_amount=1": {
			"model": "block/wildflowers_1",
			"y": 180
		},
		"facing=south,flower_amount=2": {
			"model": "block/wildflowers_2",
			"y": 180
		},
		"facing=south,flower_amount=3": {
			"model": "block/wildflowers_3",
			"y": 180
		},
		"facing=south,flower_amount=4": {
			"model": "block/wildflowers_4",
			"y": 180
		},
		
		"facing=west,flower_amount=1": {
			"model": "block/wildflowers_1",
			"y": 270
		},
		"facing=west,flower_amount=2": {
			"model": "block/wildflowers_2",
			"y": 270
		},
		"facing=west,flower_amount=3": {
			"model": "block/wildflowers_3",
			"y": 270
		},
		"facing=west,flower_amount=4": {
			"model": "block/wildflowers_4",
			"y": 270
		}
	}
}